File,year,occasion,description
20260115_141318.jpg,2026,Marchiens,
Christmas Model 2023_1.jpg,2023,Christmas,
Christmas2024_1a.jpg,2024,Christmas,
Christmas2024_2a.jpg,2024,Christmas,
Easter 2025_1.jpg,2025,Easter,
Fête des Mères de mon père 2023.jpg,2023,Mother's Day,
Holloween 2024_1.jpg,2024,Holloween,
Holloween_2025.jpg,2025,Holloween,
Maquette-Paques de mon père 2023_2.jpg,2023,Father's Day,
Noël des campeurs 2024_1.jpg,2024,Christmas,
Paques_2026.jpg,2026,Easter,
Recolte 2025.jpg,2025,Recolte,
St-Valentines 2024_1.jpg,2024,Valentine's Day,
St-Valentines 2025_1.jpg,2025,Valentine's Day,
Summer2025_1.jpg,2025,Summer,
Valentines_2026.jpg,2026,Valentine's Day,
